Nom;Prenom;Service;Login;MotDePasse
Dupont;Jean;Direction;j.dupont;P@ssword123!
Martin;Sophie;RH;s.martin;P@ssword123!
Bernard;Lucas;IT;l.bernard;P@ssword123!
Thomas;Emma;Comptabilite;e.thomas;P@ssword123!
Robert;Nicolas;Commercial;n.robert;P@ssword123!
Petit;Marie;RH;m.petit;P@ssword123!
Laurent;Pierre;IT;p.laurent;P@ssword123!
Simon;Isabelle;Direction;i.simon;P@ssword123!
Michel;Antoine;Commercial;a.michel;P@ssword123!
Leroy;Camille;Comptabilite;c.leroy;P@ssword123!
Garcia;Thomas;IT;t.garcia;P@ssword123!
Martinez;Laura;RH;l.martinez;P@ssword123!
Dubois;Maxime;Commercial;m.dubois;P@ssword123!
Moreau;Chloe;Comptabilite;c.moreau;P@ssword123!
Fontaine;Julien;IT;j.fontaine;P@ssword123!
